datetime,pm25,latitude,longitude,sensor_id,location_id
2026-09-06T11:00:00Z,20.0,35.21815,128.57425,8539597,2622686
2026-09-05T23:00:00Z,-1.0,54.88361359025449,23.83583450024486,23735,8152
2021-08-09T11:00:00Z,16.0,40.1465,117.07089999999998,238048,43487
2025-08-09T14:00:00Z,9.0,37.64553,-118.96676,7320157,1772963
2026-09-06T10:00:00Z,6.5,38.59246,-82.80677,6236505,1066093
2024-12-09T12:00:00Z,6.0,53.129418999879455,23.108024999656525,7754909,2146563
2022-10-31T01:45:00Z,154.81,29.966942,76.875879,20961,7282
2024-07-21T20:00:00Z,15.872727220708674,45.08163372052002,13.643801808266366,9957979,2953756
2026-07-29T19:00:00Z,8.19,-38.32676,146.3261,9969693,10819
2026-07-03T07:00:00Z,0.0,38.05043,-122.15454,9963443,2954721
2026-09-06T05:00:00Z,4.0,37.68975,-121.77155,9963450,2954722
2026-01-31T05:00:00Z,28.90916668574015,49.0459,8.52337,15241246,6212143
2026-09-06T11:00:00Z,3.2,47.834999,-122.251261,17131827,6473136
2022-10-28T04:00:00Z,9.551,38.14548,27.36276,2083385,368885
2026-09-06T11:00:00Z,10.3,41.3644,-83.6612,9916553,2946546
2026-09-06T11:00:00Z,4.1,51.966058631890675,6.289890937160651,9074015,2827201
2025-01-13T23:00:00Z,0.0,15.257387898044886,104.03668778711167,9959326,2953982
2022-10-31T01:45:00Z,86.11,14.675885999999998,77.593027,2028432,358456
2026-09-06T11:00:00Z,17.0,41.130195,-8.423484,16292329,6353390
2024-05-27T02:00:00Z,-9999.0,-27.090836,150.400418,9381416,2868409
2025-01-08T11:45:00Z,6.3,-14.49654,-71.776884,9959962,2954096
2020-01-09T16:00:00Z,1.0,39.403903,-120.195751,20581,7146
2025-11-27T12:52:07Z,0.0,-41.928,147.491,14439,5472
2026-09-06T11:00:00Z,6.3,40.48477,-80.09495,9381396,2868408
2026-09-03T18:15:00Z,23.0,26.1403345,85.3650192,12241395,229987
2026-09-03T18:00:00Z,13.65,12.21041,76.37376,12241384,7289
2026-09-06T11:00:00Z,4.7,50.1009772,-122.9864273,9966667,2955245
2021-08-09T11:00:00Z,20.0,34.1164,108.6116,237891,43504
2025-01-05T19:55:00Z,8.0,-14.422226,-71.828257,9974167,2956512
2024-04-12T22:00:00Z,26.0,37.404167,126.72611099999999,8539667,2623591
2026-09-03T18:15:00Z,44.6,28.885279999999998,78.7388,12241402,270697
2023-06-30T13:00:00Z,4.0,19.5329,-99.0303,3587,2020
2022-10-16T16:00:00Z,20.0,14.7918,75.38959999999999,1757429,309803
2024-07-11T15:00:00Z,5.0,41.18222,-104.77833599999998,29009,9497
2026-09-06T10:02:15Z,6.5,8.41076,-13.14286,16360765,6368234
2025-11-27T18:00:00Z,9.58346,42.66569999989244,20.305089999895873,2773184,494941
2017-08-20T18:00:00Z,10.0,38.767533,-119.79887,12940,5069
2023-10-11T10:00:00Z,5.989,39.1380601097263,34.1682767495831,2078948,368834
2026-09-03T18:15:00Z,11.0,17.460103,78.334361,12242121,5623
2026-09-06T11:00:00Z,0.0,42.63709592339984,-73.85600281744806,16360767,6368236
2026-09-06T11:00:00Z,18.0,-43.5599449,172.6436133,9384695,2868842
2022-10-16T15:45:00Z,23.3,22.58157048,88.41002457,36317,10851
2022-10-31T00:45:00Z,238.0,28.732528,77.11992,36399,10831
2024-07-11T16:00:00Z,8.0,36.42516799999999,127.395931,8539689,2623759
2026-09-06T11:00:00Z,5.3,42.07435,-87.70507,17132482,6473224
2020-11-24T16:00:00Z,0.0,36.247808,-121.781317,5454,2615
2026-09-05T22:00:00Z,5.47313,50.38642599999855,8.059908999819234,1312653,4732
2026-09-06T11:00:00Z,5.0,39.8281,-104.93645,1309256,226745
2025-02-13T21:00:00Z,4.438749988873799,43.447,-80.48,9975831,2956818
2026-09-06T11:00:00Z,3.0,41.796336,12.444548,15244073,6212602
2026-04-11T04:00:00Z,0.0,-38.665227,175.924586,15246370,6212911
2026-09-06T00:00:00Z,10.19587,44.319138999966434,23.7967079998543,1853210,10808
2021-08-09T11:00:00Z,15.0,28.2189,112.8872,29538,9592
2026-09-06T10:00:00Z,2.2,42.541077,-121.921636,23032,7944
2021-08-09T11:00:00Z,7.0,32.5,80.1161,30166,9709
2026-09-06T11:00:00Z,20.1,43.2167,76.7743,16296836,6353999
2026-09-06T11:00:00Z,2.2,51.5835993,-1.5156409,9965662,2955058
2026-09-06T10:00:00Z,4.0,39.143196999999994,-76.84619199999999,2050,1142
2026-09-06T10:00:00Z,4.3,46.682299,-68.016195,1802,1000
2026-09-06T10:00:00Z,6.0,41.75613,-124.20347,22904,7903
2026-09-06T11:00:00Z,10.2,30.323,-97.7496,8783057,2732901
2026-09-06T10:00:00Z,5.0,49.61157000022714,6.118469999695286,29795,9642
2026-09-06T11:00:00Z,2.7,51.136354,-114.145923,9976876,2957005
2024-10-01T07:00:00Z,9.317301511764526,14.63634665114693,102.78607574105901,9032170,2821629
2026-09-06T11:00:00Z,2.9,51.52224,-0.15657,7897374,2453319
2026-09-06T11:00:00Z,2.3,-37.765431408016745,144.92159283860687,9458479,2878674
2025-04-02T05:00:00Z,52.916666666666664,18.83658958412909,97.93999695256035,9075438,2827390
2026-09-06T10:00:00Z,9.0,54.05389,-128.671436,2176,1215
2026-09-06T10:00:00Z,3.0,49.70516,-123.15133,25641,8794
2021-11-11T17:00:00Z,6.5,31.768056,-106.501111,1331118,41398
2021-08-09T11:00:00Z,24.0,26.571,101.6891,34373,10418
2026-09-06T11:00:00Z,5.6,47.681988,-122.125229,17133422,6473354
2025-12-04T00:00:00Z,0.0,-4.914723,-80.960358,8437748,2578976
2021-08-09T11:00:00Z,17.0,29.911,121.83580000000002,31737,9982
2021-08-09T11:00:00Z,10.0,22.738,114.06780000000002,29356,9556
2026-09-06T10:00:00Z,14.0,42.715280000299245,-7.449440000044521,22443,7716
2025-12-04T00:05:00Z,3.4,-9.561408,-77.083976,8437751,2578975
2026-09-06T09:00:00Z,3.3,45.75329999969274,5.072199999985248,40635,3799
2026-09-03T18:15:00Z,3.23,22.368195,82.746431,12242173,3409365
2026-08-31T14:00:00Z,0.0,-38.66538,175.924593,15246882,6212981
2026-09-06T11:00:00Z,2.7,40.86196345660962,-124.06708008112147,9720124,2914454
2026-09-06T11:00:00Z,0.0,48.011240402039554,14.396925297261548,9721536,2914675
2025-03-16T14:00:00Z,8.870833198229471,28.21795003995139,-80.7259570201707,9403078,2871295
2026-09-06T11:00:00Z,0.0,42.280405,22.758804,15251328,6213577
2026-09-06T09:00:00Z,2.0,44.5694430002562,5.27897200043165,5614,2676
2026-09-06T10:00:00Z,6.18027,52.484168000016815,13.123698000137418,23604,3096
2024-03-15T20:00:00Z,45.3,42.687073,21.158341000000004,8437776,2578981
2025-01-08T12:00:00Z,6.1,-10.750829,-76.263631,8437777,2578967
2025-01-08T12:00:00Z,8.1,-13.707724000000002,-76.193606,8437784,2578983
2021-08-09T11:00:00Z,47.0,35.7754,115.08659999999999,26886,9066
2026-09-06T11:00:00Z,0.4,48.872386,2.504768,16299562,6354360
2025-12-04T00:05:00Z,51.0,-12.012363,-76.937171,8437787,2578970
2025-12-04T00:05:00Z,36.7,-11.996141,-76.922521,8437791,2578968
2025-07-09T23:00:00Z,4.0,41.58885,-109.23784,9991917,2959755
2026-09-06T11:00:00Z,2.1,42.1281538,-77.0801609,17134382,6473486
2026-09-06T10:00:00Z,2.7,40.7269,-73.8933,1103,628
2021-08-09T11:00:00Z,5.0,29.722800000000003,106.6263,30910,9845
2021-08-09T11:00:00Z,15.0,18.3443,109.73479999999999,237299,43440
2025-12-04T00:00:00Z,-9999.0,-17.61076,-71.340649,8437797,2578974
2025-12-04T00:00:00Z,-9999.0,-17.634021,-71.335221,8437798,2578972
2024-10-07T14:27:32Z,0.0,29.67659,-95.37288,9416625,2873096
2026-09-06T10:03:58Z,4.34,29.67173,-95.36929,9416627,2873095
2025-12-04T00:00:00Z,1.8,-14.087046,-72.106363,8437736,2578980
2025-12-04T00:05:00Z,35.2,-16.487574,-71.519153,8437738,2578986
2025-12-04T00:05:00Z,5.1,-4.916988,-80.858255,8437742,2578979
2025-01-08T12:05:00Z,17.4,-7.739941,-79.183239,8437744,2578963
2025-12-04T00:05:00Z,1.2,-14.110423,-72.242785,8437745,2578965
2024-06-13T14:15:00Z,13.6,-9.999997,-76.000015,8437754,2578985
2024-10-06T12:00:00Z,2.269387756075178,40.837158255667,14.2193183372579,8433565,2577003
2025-12-04T00:05:00Z,0.0,-9.119182,-78.54401,8437761,2578982
2025-12-04T00:05:00Z,36.0,-10.79368,-76.292123,8437763,2578971
2025-01-08T12:00:00Z,7.5,-13.834835000000002,-76.141729,8437766,2578984
2025-12-04T00:05:00Z,14.7,-17.09943,-70.681922,8437767,2578987
2025-12-04T00:00:00Z,106.2,-11.985654,-76.925467,8437769,2578969
2025-12-04T00:00:00Z,-9999.0,-17.647061,-71.3248,8437771,2578973
2025-01-08T12:00:00Z,9.2,-14.008673,-72.001256,8437772,2578964
2025-12-04T00:00:00Z,0.0,-9.102904,-78.565141,8437794,2578966
2021-10-01T15:00:00Z,3.0,52.437165,-1.829999,4892,2513
2021-08-09T11:00:00Z,13.0,23.2775,116.7258,27242,9129
2026-09-06T11:00:00Z,9.2,7.570238000000001,99.58874300000001,1317584,228627
2026-09-06T10:00:00Z,1.851,-26.587334,27.841022000000002,1303620,225400
2026-09-06T11:00:00Z,1.0,-28.731301,32.039016,9988620,2959203
2026-04-02T08:00:00Z,15.8,7.158502558743491,100.6113217561578,9075461,2827394
2026-07-30T12:00:00Z,39.0,34.06586,-84.50669,15254579,6214016
2026-09-06T11:00:00Z,4.8,51.218352044676614,3.2048912311360485,9416617,2873089
2026-06-20T07:00:00Z,22.0,34.00055,-117.83166,16361099,6368288
2026-09-06T11:00:00Z,1.0,-28.744719,32.054805,9992979,2959824
2026-09-06T10:00:00Z,5.5,41.7194,-83.475,8447355,2583427
2026-07-28T21:00:00Z,16.6,35.6152942,-119.7026069,9433524,2875321
2024-04-12T22:00:00Z,29.0,37.284067,126.97989200000002,8539762,2623697
2026-09-06T10:00:00Z,5.7,41.62057,-83.64226,8449351,2584325
2026-09-06T11:00:00Z,7.0,35.59095,-78.4622,30083,9694
2026-09-06T11:00:00Z,1.4,-35.63386558517702,-59.77481854387068,9430768,2874879
2026-07-15T11:00:00Z,31.0,59.932931403229304,10.790277774001858,9992978,2959855
2026-09-06T11:00:00Z,0.1,40.36880113274254,-111.8644337511874,15255299,6214117
2026-08-06T07:00:00Z,158.5,-28.769694,32.034282,17135984,6473660
2024-11-12T03:00:00Z,2.306249996026357,-34.92483786797323,138.59364410206908,8491797,2603530
2026-09-05T14:00:00Z,16.0,41.645599999779066,-4.730300000005193,23353,8051
2026-09-06T10:00:00Z,5.0,47.592675,-122.627397,1683,917
2026-09-06T10:00:00Z,5.4,48.9025040001429,2.452500000264972,9589,4066
2021-08-09T11:00:00Z,14.0,43.8303,87.5801,27886,9234
2026-09-06T00:00:00Z,3.02814,59.43347100001061,10.661762360232748,35072,10567
2021-08-09T11:00:00Z,24.0,34.9058,108.9344,34675,10467
2026-09-06T10:00:00Z,6.15,48.37657599981851,10.888370000280668,11402,4594
2026-09-06T11:00:00Z,2.3,45.808215928423095,15.995745623062676,8462459,2590138
2026-08-05T16:48:10Z,18.0,10.844841172,106.794992387,17137235,6473874
2026-04-03T20:00:00Z,13.0,36.66608,127.474924,8539809,2623111
2026-09-06T10:00:00Z,10.2,37.7011,-97.3139,25967,1467
2026-09-06T11:00:00Z,9.6,16.4436,103.51299999999999,7338537,1785690
2026-09-06T11:00:00Z,4.897,-33.96459,22.475761,7338539,1785689
2025-11-27T12:54:06Z,0.0,-41.159,146.146,14479,5491
2026-09-06T11:00:00Z,3.0,45.6325658913786,-93.92309669993243,17139653,6474203
2026-09-06T11:00:00Z,6.7,18.362008,103.65977000000001,7338540,1785692
2026-09-06T11:00:00Z,4.6,42.04863976778047,-87.69467927316111,17139658,6474204
2026-04-30T22:00:00Z,4.0,37.64593,-118.96653,8494433,2604830
2026-09-06T00:00:00Z,-1.0,48.141249999538644,16.300082999567955,9440303,2876226
2026-09-05T22:00:00Z,8.14,53.30740000010482,11.373299999648415,9440305,2876225
2020-12-31T15:00:00Z,37.0,31.350799999999996,118.3528,17289,6255
2024-03-29T09:00:00Z,24.06944465637207,13.771263,100.434679,8502834,2608457
2026-09-06T10:00:00Z,5.1,48.6775199997656,9.22940300012656,9440309,2876224
2024-07-30T11:00:00Z,3.06,54.436984999994195,12.721938000327013,9445126,4775
2026-09-06T10:00:00Z,4.75463,49.82516500015017,8.51679799955829,9445127,4683
2026-09-06T11:00:00Z,11.0,35.15774199999999,126.810097,8539876,2622605
2026-09-06T11:00:00Z,0.3,41.765359014827204,-111.84476990128336,15256023,6214215
2026-09-06T11:00:00Z,13.7,35.912986,14.45186,17140590,6474249
2026-09-05T22:00:00Z,3.73,49.25434399983347,6.8677440001926,9445105,3122
2024-09-08T15:00:00Z,13.0,37.645984,-118.966677,1853555,326060
2026-09-05T22:00:00Z,3.10347,51.15484299972151,9.031754000448155,9445108,4785
2021-08-09T11:00:00Z,9.0,23.359399999999997,104.25329999999998,33157,10217
2026-09-05T22:00:00Z,3.769,51.22760899972971,7.643095000138204,2173454,355295
2026-09-06T10:00:00Z,5.16658,50.5671850002032,8.50061899993149,9445112,4746
2021-08-09T11:00:00Z,22.0,31.205899999999996,121.39020000000001,237454,43639
2024-07-30T11:00:00Z,2.61,53.14130299973382,13.031661999730028,9445113,4693
2026-09-05T22:00:00Z,3.487,51.019338000233795,6.884571000447916,9445114,3083
2026-05-19T17:00:00Z,27.1,18.7888833,100.7763166,1304191,225674
2024-07-30T10:00:00Z,6.88,50.65406600025244,10.76953400035172,9445116,2962
2024-07-30T11:00:00Z,4.34,47.913256000093746,7.908035000221121,9445117,4697
2026-09-06T00:00:00Z,-1.0,47.815854999743216,13.720736999564965,9445118,2893
2025-12-04T00:05:00Z,2.5,-14.806034,-71.414847,9445119,2876866
2024-07-30T11:00:00Z,3.53,54.924966999767136,8.308208000317988,9445120,3579
2024-07-11T14:00:00Z,12.0,37.433297,129.19049599999997,9445121,2876864
2026-09-05T22:00:00Z,5.339,51.09763799992601,6.46946300030611,9445122,2949
2026-09-06T11:00:00Z,11.0,36.767778,127.605,8539882,2622878
2022-02-09T00:00:00Z,14.9495628718027,40.4783,-79.970377,5833109,938279
2026-05-11T06:00:00Z,3.5,59.3667459,17.9688665,1562152,270749
2026-09-06T11:00:00Z,6.0,34.811454,126.483199,9442869,2876561
2018-09-10T22:00:00Z,3.0,38.932993,-119.971733,16172,5968
2026-09-06T11:00:00Z,0.0,50.0829501,14.4897667,17140595,6474333
2026-09-06T11:00:00Z,19.0,37.433297,129.19049599999997,9445896,2876865
2026-09-06T11:00:00Z,0.0,49.79566925369313,-119.499372654631,15256511,6214282
2026-09-06T11:00:00Z,1.0,40.740022,-73.998504,8520925,2616564
2026-09-06T11:00:00Z,1.8,36.212814,-118.8134089,8497044,2605808
2026-05-20T20:00:00Z,25.0,34.2615,-118.41222,16361110,5026276
2026-08-31T21:00:00Z,9.2,29.864581,-97.664869,8482654,8678
2026-08-31T21:00:00Z,8.3,29.862294,-97.928894,8482655,8808
2024-12-20T14:00:00Z,2.9,30.666508,-97.734592,8482656,8667
2026-08-31T21:00:00Z,8.6,30.579149,-97.416462,8482657,1294191
2024-01-29T20:00:00Z,9.75,50.84966500000001,4.33382,12545,4920
2026-09-06T11:00:00Z,13.0,35.177167,127.175167,8539925,2623292
2026-09-06T11:00:00Z,1.0,36.828034,127.104606,8539932,2623743
2026-09-06T11:00:00Z,4.6,51.111194,4.3623073,9445904,2876974
2026-09-06T10:00:00Z,1.7,42.702223,-73.110414,25310,8709
2024-03-15T17:00:00Z,7.0,35.581007682165485,-80.90851032043253,8482941,2599501
2026-09-05T12:00:00Z,6.0,32.805818,-97.356567,2071334,1329
2026-09-06T11:00:00Z,3.4,52.207899,21.148612,9445910,2876975
2024-01-29T18:00:00Z,23.70000076,48.12027777946647,14.878332999999996,39527,4509
2025-09-19T19:59:37Z,7.06,32.56663,-117.01885,9446861,2877117
2025-09-03T04:32:13Z,4.83,32.56676,-117.06452,9446863,2877113
2026-09-06T11:00:00Z,0.9,36.69355,-108.36727,16301532,6354626
2025-02-27T22:50:40Z,2.94,32.56513,-117.04539,9446865,2877118
2021-11-10T17:00:00Z,4.8,31.768056,-106.501111,1183613,41388
2025-09-03T04:06:05Z,5.24,32.56193,-117.05775,9446867,2877112
2025-09-19T19:56:18Z,7.33,32.55865,-117.04821,9446869,2877115
2025-09-19T19:58:42Z,8.47,32.54631,-117.04527,9446871,2877114
2025-09-19T20:01:45Z,7.47,32.5473,-117.03227,9446873,2877111
2025-09-19T20:03:32Z,7.82,32.54931,-117.04225,9446875,2877116
2023-01-26T20:00:00Z,1.0,43.627929,-108.218095,1352738,235239
2022-07-11T05:15:00Z,17.5,18.517754,73.8214883,389757,60660
2026-09-06T10:00:00Z,6.6,38.754595,-82.917,6721588,859
2026-09-06T11:00:00Z,12.0,35.8583333333,128.58972222219998,8533887,2623050
2026-09-06T11:00:00Z,9.0,35.837878999999994,128.488731,8533889,2622664
2021-08-09T11:00:00Z,12.0,42.2867,123.84860000000002,29996,9679
2026-09-06T11:00:00Z,2.0,37.449479,127.155512,8533893,2623504
2021-08-09T11:00:00Z,7.0,21.4688,111.0286,33784,10321
2023-12-20T08:00:00Z,8.01206,53.915675,14.246575,2507680,447564
2026-05-04T16:00:00Z,0.4,62.45471,-114.35535,9453313,2877975
2026-08-28T15:00:00Z,3.1,14.742828,-17.4203671,16301537,6354627
2026-09-06T11:00:00Z,0.8,61.789676,15.894706,12243625,3415296
2023-06-13T00:00:00Z,9.7,18.358249,103.652055,1304193,225658
2020-10-21T21:00:00Z,3.2,45.735931,-121.488398,15937,5872
2026-09-06T10:00:00Z,3.3,-23.7744,151.1055,14546,5520
2026-09-06T11:00:00Z,0.0,-26.320836307684598,151.87205879194295,15257007,6214349
2026-07-29T19:00:00Z,11.18,-37.05928,142.7799,9560415,2892210
2025-11-19T05:00:00Z,0.8350000039674342,16.25802367972713,102.77506342533592,9575060,2894142
2026-07-29T19:00:00Z,3.43,-38.2392921,146.3873,35560,10676
2026-09-06T11:00:00Z,3.1,43.212988,-123.317353,9545426,2890220
2026-09-06T11:00:00Z,47.3,10.735369779100294,122.53702703753301,9466036,2879671
2026-09-06T11:00:00Z,10.8,14.8762222,103.4965833,7338551,1785694
2026-09-06T10:00:00Z,3.6,44.087397,-103.273777,1432,814
2026-09-06T11:00:00Z,7.2,15.875800000000002,104.6223,7338554,1785688
2026-09-06T11:00:00Z,0.0,51.046937,4.3409206,15260874,6214872
2023-11-23T06:00:00Z,13.6,15.086836199999999,104.32647460000001,7338556,1785693
2026-09-06T11:00:00Z,12.2,14.204219999999998,101.21509,7338558,1785691
2026-09-06T10:00:00Z,1.41455,60.169640000006716,24.939240000258355,11382,4588
2026-08-28T11:00:00Z,2.7,29.73034,-95.35242,16301542,6354628
2026-09-06T11:00:00Z,3.7,52.713113471698044,-1.3838661243430228,9526870,2887748
2026-09-06T11:00:00Z,2.9,-28.829229,31.893536,9994280,2960156
2026-09-06T11:00:00Z,2.5,-28.865244,31.911679,10003874,2962304
2024-07-19T05:00:00Z,7.08690470457077,-28.731301,32.039016,9995787,2960311
2025-02-24T07:00:00Z,4.25898806254069,14.920165439073962,104.71185584158256,9575745,2894237
2026-09-06T10:00:00Z,5.4,48.066937,-122.280856,17141208,6474417
2026-09-05T12:00:00Z,3.9,40.20938,-104.82405,9552925,2891221
2026-09-06T11:00:00Z,2.5,43.7245019,-116.4776095,17141210,6474418
2024-07-25T22:02:04Z,10.09,36.57268,-121.80505,9552926,2891222
2026-09-06T11:00:00Z,3.0,40.4739658,-4.0883641,17141215,6474419
2026-09-06T09:56:26Z,1.69,49.19144,-2.10916,9538553,2889297
2026-09-06T10:07:08Z,3.18,49.18045,-2.1036,9538555,2889293
2026-09-06T09:51:06Z,2.1,49.18149,-2.09799,9538557,2889295
2026-09-06T09:58:09Z,2.27,49.19857,-2.08076,9538559,2889296
2026-09-06T09:50:26Z,1.71,49.19771,-2.10803,9538561,2889294
2026-09-06T11:00:00Z,0.4,40.705548,-112.016435,9998272,2960998
2026-09-06T11:00:00Z,0.0,49.2455395,16.5718145,9483050,2881925
2024-11-23T00:00:00Z,0.06666666766007741,38.0778215,-122.5562582,9601877,2897761
2026-01-27T10:00:00Z,25.539166704813635,52.41201712084536,5.297443642682735,9499264,2884100
2026-03-31T11:00:00Z,6.2,38.77841,-75.86964,9500535,2884264
2024-10-18T14:05:53Z,5.08,29.76351,-95.27499,9542330,2889803
2017-04-28T11:00:00Z,11.0,51.617327,-0.298775,211,137
2026-09-06T10:00:00Z,5.5,36.16304,-85.52908,16361091,6368284
2022-10-31T01:45:00Z,115.58,30.379589,76.778328,20063,6964
2026-09-06T10:00:00Z,4.4,46.0588,-118.3514,2581,1456
2026-05-21T19:00:00Z,20.0,34.00055,-117.83166,16361093,6368287
2026-08-05T10:00:00Z,10.1,-31.749081,-60.525913,17141841,6474504
2024-08-29T18:00:00Z,3.5,20.89992,-156.68121,9501505,2884393
2024-06-19T23:00:00Z,9.6,20.90132,-156.68335,9501506,2884396
2026-09-06T10:00:00Z,2.0,35.687222,139.5225,9581005,2894935
2026-06-18T12:00:00Z,5.6,51.446046,-0.94838,9483707,2882018
2026-09-06T11:00:00Z,0.0,38.738233,-120.918914,17141836,6463519
2024-07-11T16:00:00Z,7.5,20.89992,-156.68121,9501592,2884395
2026-09-06T11:00:00Z,9.0,22.757506000000003,120.30568900000002,8985,3876
2021-08-09T11:00:00Z,15.0,22.803699999999996,108.38290000000002,32639,10130
2026-09-06T10:00:00Z,13.0,37.936667,140.895,9594537,1214538
2020-05-05T23:00:00Z,8.0,44.92600000000001,10.3719,22192,7618
2019-11-07T13:00:00Z,4.0,37.809,120.773,20498,7085
2024-10-17T16:00:00Z,0.9,19.530094444444,-96.881880555556,9487600,2667330
2026-09-06T10:04:59Z,1.58,49.2457,-2.1387,9594554,2896770
2025-01-22T15:26:13Z,18.65,49.1888,-2.0399,9594556,2896758
2026-09-05T20:39:43Z,1.41,49.1757,-2.0882,9594558,2896749
2026-09-04T04:28:26Z,1.08,49.1877,-2.117,9594560,2896755
2026-09-06T09:57:56Z,2.37,49.1906,-2.2004,9594562,2896762
2026-09-06T04:38:56Z,2.0,49.2327,-2.2026,9594564,2896760
2026-05-28T21:00:00Z,5.7,34.21233,-118.67264,16361098,6368290
2026-09-06T11:00:00Z,0.0,49.8999181862928,18.089979767319377,15261893,6215012
2025-12-04T00:05:00Z,0.0,-7.763269,-79.152083,9582932,2895188
2026-09-06T09:59:36Z,2.5,49.1928,-2.1086,9594566,2896766
2026-09-06T09:00:00Z,4.1,41.94768499972929,8.796158999850245,16361101,2524560
2025-06-12T13:00:00Z,3.071727232499556,29.660282523266797,-82.31616064037314,9999866,2961297
2026-07-26T20:00:00Z,7.8,39.9459828,-84.16601,9610768,2898936
2025-04-11T16:00:00Z,16.612337719310414,53.4445,-2.21758,9502776,2884565
2026-07-11T05:56:36Z,11.98,49.1868,-2.1099,9594568,2896759
2026-09-06T09:50:13Z,2.1,49.1788,-2.0937,9594570,2896772
2025-12-14T02:14:28Z,9.8,49.186,-2.1142,9594572,2896771
2026-09-06T09:58:02Z,2.25,49.2349,-2.1732,9594574,2896753
2026-09-06T09:54:50Z,2.37,49.2197,-2.1145,9594576,2896765
2026-09-06T09:58:21Z,1.58,49.1998,-2.0219,9594578,2896756
2026-09-06T10:00:16Z,1.79,49.1804,-2.1159,9594580,2896769
2026-08-26T19:05:52Z,9.86,49.1921,-2.0998,9594582,2896767
2026-09-06T09:57:49Z,2.18,49.213,-2.1821,9594584,2896761
2026-09-06T10:05:14Z,2.18,49.1762,-2.1108,9594586,2896763
2026-08-26T07:37:01Z,13.19,49.1863,-2.1023,9594588,2896754
2026-01-27T11:02:02Z,8.87,49.1832,-2.107,9594538,2896757
2026-09-06T09:52:05Z,3.35,49.1966,-2.1585,9594540,2896747
2026-09-06T09:55:30Z,0.29,49.1838,-2.0955,9594542,2896768
2026-03-13T06:12:10Z,1.0,49.1945,-2.1282,9594544,2896751
2026-09-06T10:02:09Z,1.98,49.2331,-2.0898,9594546,2896764
2026-09-06T10:05:14Z,2.29,49.188,-2.1701,9594548,2896752
2026-09-06T09:53:16Z,1.93,49.2071,-2.1735,9594550,2896748
2026-09-06T09:54:14Z,2.21,49.1833,-2.1121,9594552,2896750
2026-09-06T09:59:46Z,5.43,29.75842,-95.26696,9489522,2882800
2021-08-09T11:00:00Z,18.0,22.5947,113.0828,236439,43293
2021-08-09T11:00:00Z,35.0,32.6531,117.0566,28351,9316
2026-09-06T11:00:00Z,24.1,-9.74361,33.83469,15261119,6214706
2024-01-29T19:00:00Z,12.225,48.6911125194678,21.2863884,13404,5195
2022-10-28T02:00:00Z,10.365,38.92699999999999,27.8405,2083309,368800
2026-09-06T09:57:29Z,1.27,49.2141,-2.1413,9595248,2896886
2026-09-06T09:56:57Z,2.0,49.1881,-2.2148,9595250,2896885
2021-08-09T11:00:00Z,8.0,41.3325,123.75670000000001,27178,9117
2026-09-06T10:00:00Z,12.5605,43.3572219999458,19.349125000041326,1731444,302032
2026-09-06T11:00:00Z,10.9,13.7201042,100.7807077,2076228,368408
2025-04-10T14:00:00Z,29.9700267,32.646944444444,-115.44611111111,2694055,480397
2026-09-06T11:00:00Z,2.3,47.200893,-123.108951,10011182,2964250
2026-09-06T11:00:00Z,11.4,53.540174945601024,-113.5235011562625,9584218,2895357
2026-09-06T10:00:00Z,4.5,49.54407799985856,8.465280999622944,1300233,4470
2019-04-18T18:00:00Z,11.0,39.2031,-122.0169,1646,900
2026-09-06T10:00:00Z,7.0,53.914719999999996,-122.74194,4098,2272
2026-09-06T11:00:00Z,6.11111111111111,20.631268055556,-103.41643083333,1179863,10801
2020-12-01T00:00:00Z,3.69,51.59906,-0.095201,1296233,223783
2022-11-22T23:00:00Z,0.2,-34.3075,150.58,20667,911
2019-12-04T19:00:00Z,8.0,38.510696,-122.805991,20480,7071
2023-02-16T00:00:00Z,7.0,-23.59184199,-46.6606875,13685,5277
2021-08-09T11:00:00Z,44.0,36.34890000000001,113.235,237653,43565
2026-09-06T11:00:00Z,11.2,12.7066,101.18055,1305269,225628
2021-08-09T11:00:00Z,46.0,36.663000000000004,117.04949999999998,34007,10349
2026-09-06T10:00:00Z,10.5,40.5169,-88.9975,25285,1960
2026-06-18T00:00:00Z,7.8,34.43724,-119.14561,16361109,6368293
2026-09-05T22:00:00Z,4.10019,52.127898999912006,11.611463999600902,11786,4707
2018-07-12T17:00:00Z,4.0,61.599,-149.104,15892,5850
2021-08-09T11:00:00Z,9.0,29.0531,111.66250000000001,26512,9002
2021-08-09T11:00:00Z,10.0,20.005300000000002,110.283,28082,9267
2021-08-09T11:00:00Z,6.0,30.1506,104.6356,29424,9568
2026-09-06T11:00:00Z,12.0,35.02174,126.79041299999999,8535044,2623665
2026-09-06T11:00:00Z,23.0,35.968522,129.359954,8535049,2622966
2024-07-11T16:00:00Z,28.0,37.3367,126.7246,8535055,2622712
2021-08-09T11:00:00Z,19.0,39.7169,117.3045,236981,43492
2021-08-09T11:00:00Z,63.0,37.8911,114.3524,236378,43311
2026-09-06T10:00:00Z,2.0,40.92460599999999,-75.06782499999998,1771,979
2021-08-09T11:00:00Z,12.0,27.9958,113.18169999999999,31096,9876
2021-08-09T11:00:00Z,27.0,39.2133,117.1837,18492,6542
2025-11-27T12:52:07Z,2.0,-41.111,146.836,14451,5477
2026-09-06T10:00:00Z,4.4,48.3641660000587,2.2369439998826035,9681,4092
2021-08-09T11:00:00Z,28.0,38.492799999999995,112.70029999999998,31260,9903
2026-09-06T10:00:00Z,3.5,40.8197,-73.9481,673,384
2019-03-06T18:00:00Z,5.0,33.007801,-80.964996,2330,1300
2021-08-09T11:00:00Z,6.0,22.4853,113.4411,30099,9696
2020-12-31T16:00:00Z,58.0,34.5814,105.7281,29642,9610
2021-08-09T11:00:00Z,15.0,37.92509999999999,102.6201,27879,9228
2023-10-11T10:00:00Z,6.279,40.91444502156321,38.39856425786321,2078730,3548
2026-01-23T13:00:00Z,2.2,58.40878,15.631343,1562141,270745
2026-09-06T11:00:00Z,5.0,34.91263,-80.874283,21753,7507
2018-04-25T00:00:00Z,15.3,48.8594439994682,2.351111,15303,5681
2026-09-06T11:00:00Z,0.5,45.556979,-122.61246,17142171,6474550
2021-08-09T11:00:00Z,9.0,19.9736,110.51109999999998,237024,43529
2022-09-30T04:00:00Z,5.9,-33.8938889,151.0452778,21605,602
2020-12-31T17:00:00Z,19.0036,53.755652,16.089278,22591,7763
2021-08-09T11:00:00Z,19.0,38.8632,115.49299999999998,27118,9107
2021-08-09T11:00:00Z,27.0,37.523599999999995,122.0508,33079,10204
2019-11-21T19:00:00Z,13.0,38.51091,-122.806141,20537,7112
2021-08-09T11:00:00Z,13.0,38.4418,106.2266,21530,7389
2023-09-23T12:00:00Z,24.7,41.101315,29.024493,7016768,5333
2020-12-01T00:00:00Z,3.89,51.521451,-0.092771,1296179,223768
2026-09-06T08:00:00Z,109.0,-45.579045667164,-72.049964505825,1738,73
2021-08-09T11:00:00Z,11.0,38.94220000000001,100.41539999999999,236235,43303
2026-09-06T11:00:00Z,4.4,43.668502,-79.760339,10017217,2966040
2021-08-09T11:00:00Z,37.0,35.1044,119.3266,236994,43475
2026-09-06T08:00:00Z,27.0,-29.970390235273,-71.336038250122,4572,2422
2026-09-06T11:00:00Z,0.0,27.24501278962167,-80.25622723793907,15263429,6215218
2026-09-06T11:00:00Z,0.4,32.768010606135064,-117.12639541462805,16303572,6354808
2026-01-01T18:00:00Z,53.6,48.9477,-122.1471,15936,5871
2026-09-06T10:00:00Z,2.7,52.053811000085844,20.429891999985866,35732,10724
2021-08-09T11:00:00Z,15.0,29.8279,106.3787,236532,43356
2024-01-29T20:00:00Z,9.67868954,44.3488680301443,26.0336260914258,1320340,9361
2026-09-06T11:00:00Z,3.5,37.638778,-97.309197,16303577,6354809
2026-08-03T17:00:00Z,0.0,35.953902,-107.348343,16304258,6354991
2026-09-06T11:00:00Z,4.4,47.819716,-122.1431801,16361105,6368291
2021-08-09T11:00:00Z,3.0,46.6937,131.1511,32063,10036
2021-08-09T11:00:00Z,9.0,25.8417,98.8546,26899,9068
2019-12-27T09:00:00Z,23.0,29.818100000000005,114.3036,20751,7208
2026-09-06T10:00:00Z,7.9,34.843899,-82.414597,2079,881
2026-09-06T10:00:00Z,1.18,36.186200000337294,-5.380800000355316,1308669,4182
2026-05-20T12:00:00Z,8.7,10.6417,122.231,16304925,6355079
2019-01-04T15:00:00Z,19.2,39.80834,-83.88711,2425,1351
2026-09-06T11:27:00Z,0.84,43.6175,25.3499,2089745,358699
2022-12-18T12:00:00Z,18.053,40.20636833688903,29.187932849552883,2361328,411408
2022-02-09T00:00:00Z,19.0444788336842,40.437622,-79.979849,41958,26176
2021-08-09T11:00:00Z,6.0,38.51670000000001,102.1692,236302,43308
2025-11-13T22:00:00Z,3.9,46.921,-116.89625,25510,8745
2019-11-26T17:00:00Z,16.0,41.5280575,-122.3644245,20520,7102
2025-12-08T14:00:00Z,12.3,49.73244857793753,13.402280807865045,10773,3972
2023-09-23T12:00:00Z,86.6,41.013611,29.162222,7017786,5379
2023-09-23T12:00:00Z,0.4,41.251123,29.038281,7017782,5813
2021-08-09T11:00:00Z,52.0,30.6243,117.5038,237337,43589
2017-04-28T18:00:00Z,4.3,47.803421,-104.485619,878,389
2024-03-04T10:00:00Z,6.07340002,47.839999999465924,16.528059999999996,30309,3422
2023-09-23T12:00:00Z,10.0,41.057672,28.945682,7017783,5780
2023-09-23T12:00:00Z,6.6,40.987368,28.72999,7017784,5781
2021-08-09T11:00:00Z,5.0,44.01420000000001,87.3095,237417,43405
2023-09-23T12:00:00Z,11.0,41.087733,28.982773,7017785,3517
2026-09-06T10:00:00Z,5.2,42.5047,-87.8111,2932,1656
2026-09-06T10:00:00Z,3.5,33.5694,-112.1915,964,550
2026-09-06T11:00:00Z,0.3,48.56542372064332,-123.48743515898661,17142501,6474595
2023-04-27T08:00:00Z,11.761,41.181944,27.816944,2078844,368982
2026-09-06T11:00:00Z,11.9,47.56294701698008,-122.0898984744959,15263938,6215288
2021-05-10T16:00:00Z,2.23,-37.6552277,144.941116,22319,7501
2023-09-23T12:00:00Z,23.2,41.038333,28.888056,7018344,5779
2023-09-23T12:00:00Z,21.1,41.206735239266635,28.74511221839625,7018345,368842
2025-12-02T06:00:00Z,61.459166666667,43.728017,20.693602,7018346,784160
2023-09-23T12:00:00Z,27.3,41.014722,28.954721999999997,7018348,5802
2026-09-06T10:00:00Z,2.0,47.808226,-117.34327,15907,5859
2026-09-06T10:00:00Z,4.2,52.08227700020784,21.124598000246092,2589398,461706
2021-08-09T11:00:00Z,16.0,39.9726,116.08799999999998,237888,43641
2024-10-01T15:00:00Z,4.9,32.5214,-84.9436,1773,981
2026-09-05T12:00:00Z,3.9,29.162942,-98.589126,2071335,367405
2023-09-23T12:00:00Z,12.5,41.015278,29.024999999999995,7018340,5788
2023-09-23T12:00:00Z,14.0,41.031781790808964,28.842847815273256,7018341,368808
2023-09-23T12:00:00Z,16.0,40.89,29.2075,7018342,5786
2023-09-23T12:00:00Z,15.0,40.843497848544786,29.302107900485982,7018343,368804
2023-10-11T10:00:00Z,29.65,36.99190371532923,35.326057728836055,2078761,368926
2021-08-09T11:00:00Z,16.0,41.8391,123.7086,26754,9045
2021-08-09T11:00:00Z,8.0,32.4287,105.8628,21965,7573
2021-08-09T11:00:00Z,25.0,41.753800000000005,86.1472,32796,10156
2026-09-06T10:00:00Z,8.0,42.974461,-81.200858,2705,1535
2021-08-09T11:00:00Z,10.0,31.479700000000005,92.05060000000002,22251,7647
2026-09-06T10:00:00Z,2.0,34.8416,-118.8647,24587,8467
2026-09-06T10:00:00Z,2.5,39.8134,-120.4707,1140,659
2024-01-29T19:00:00Z,9.0,43.48055554946381,-8.24138888,6197,2920
2020-12-01T00:00:00Z,4.59,51.555387,-0.116092,1296191,223771
2026-08-20T23:00:00Z,0.4,20.388888888889,-99.972147222222,1352718,235232
2026-01-09T02:00:00Z,4.0,28.380160000204015,-16.368329999674238,23148,7987
2021-08-09T11:00:00Z,13.0,41.1694,80.29200000000002,27650,9197
2020-12-31T16:00:00Z,19.0,43.72559999999999,126.67719999999998,30970,9855
2026-09-06T10:00:00Z,5.0,39.565601,-77.721901,1934,1081
2021-08-09T11:00:00Z,14.0,25.8481,114.9461,26536,9006
2020-11-24T18:00:00Z,0.5,47.140499,-122.299202,4092,2269
2026-09-05T12:00:00Z,6.0,30.627409,-96.362842,1316523,228437
2026-03-29T00:00:00Z,5.0,51.05624999937828,-2.6834500002765918,1999692,2389
2026-09-06T10:00:00Z,6.3,29.170799,-82.1008,2441,1362
2026-09-06T11:00:00Z,4.2,40.571259,-105.079765,2397,1331
2021-08-09T11:00:00Z,4.0,47.43110000000001,128.5159,22407,7700
2021-07-19T21:00:00Z,46.0,27.2317,111.4733,33234,10230
2026-09-06T11:00:00Z,0.0,50.8465,-119.076,17144425,6474855
2024-01-29T19:00:00Z,23.327,48.9308357194684,21.9136219,13501,5216
2021-08-09T11:00:00Z,7.0,30.8064,106.056,29305,9545
2021-08-09T11:00:00Z,23.0,31.050700000000003,121.7965,237503,43551
2021-08-09T11:00:00Z,14.0,41.7173,86.2357,28383,9321
2026-09-06T11:00:00Z,0.9,35.31852,120.84966,16305262,6355080
2020-03-19T14:00:00Z,4.0,35.4079055,-120.546649,20568,7135
2021-08-09T11:00:00Z,40.0,31.920000000000005,120.302,28180,9284
2026-09-06T10:00:00Z,10.2,39.0242,-95.71139999999998,25081,1155
2022-02-09T00:00:00Z,16.9488480951616,40.4783,-79.970377,5971893,938279
2021-08-09T11:00:00Z,14.0,40.0583,117.4067,237671,43419
2020-12-01T00:00:00Z,4.98,51.550067,-0.117987,1295957,223703
2026-09-06T11:00:00Z,13.478,-33.913833,18.425167,1304777,225817
2026-09-05T11:00:00Z,8.4,40.5279685237137,44.71188951868399,16366166,6368959
2026-09-06T11:00:00Z,22.7,13.695561,100.647615,1304378,225604
2021-08-09T11:00:00Z,8.0,21.8947,111.9765,237458,43387
2023-06-22T06:00:00Z,0.012,38.498056,27.067778,2078521,368929
2026-09-06T10:00:00Z,2.8,44.624399,-123.940064,2018386,356092
2024-04-23T00:00:00Z,84.0,37.49128100000001,126.72418900000001,8537664,2622840
2026-09-06T11:00:00Z,17.0,36.420285,129.3637254,8537665,2623627
2026-09-06T11:00:00Z,1.0,36.344444,127.437222,8537667,2623341
2024-04-12T22:00:00Z,30.0,37.13235600000001,126.92018600000002,8537668,2623765
2026-04-03T22:00:00Z,13.0,37.138467,127.54645000000001,8537674,2622562
2024-07-11T16:00:00Z,25.0,37.4112,127.25790000000002,8540026,2622745
2026-09-06T11:00:00Z,22.0,35.56964,129.22602000000003,8533901,2622821
2026-09-06T10:00:00Z,9.6,38.8386,-94.7464,24931,1684
2026-09-06T11:00:00Z,16.0,35.493249999999996,129.305696,8533906,2623312
2026-09-06T11:00:00Z,1.0,37.141026399999994,127.1960051,8533907,2623635
2026-09-06T11:00:00Z,12.0,35.6473136,127.52117750000001,8533911,2622596
2026-09-06T11:00:00Z,12.0,36.10605,128.41869999999997,8533913,2622833
2018-03-09T20:00:00Z,0.8,42.31411,-122.87923,3136,1777
2026-09-06T11:00:00Z,10.0,35.22933,126.86186,8533918,2623285
2026-09-06T11:00:00Z,3.0,37.58016700000001,127.044856,8533919,2622586
2026-09-06T11:00:00Z,17.0,36.363249,129.389769,8533920,2622912
2026-09-06T11:00:00Z,7.0,35.88027399999999,128.562491,8533922,2623232
2026-09-06T11:00:00Z,9999.0,37.49659,126.487769,8533928,2623734
2026-09-06T11:00:00Z,21.0,35.129493,129.086128,8533933,2622981
2026-09-06T11:00:00Z,7.0,37.524793499999994,129.1140452,8533934,2623698
2026-09-06T11:00:00Z,6.0,37.0,128.1675,8533936,2623040
2026-09-06T11:00:00Z,8.0,35.9546,126.9414,8533941,2622964
2026-09-06T11:00:00Z,1.0,36.839,126.46087,8533943,2622838
2026-09-06T11:00:00Z,8.0,34.84,126.7,8533960,2623006
2026-09-06T11:00:00Z,7.0,36.304667,127.366717,8533974,2622590
2026-09-06T11:00:00Z,1.0,37.4800328,126.7999056,8533982,2623681
2026-03-27T06:00:00Z,9999.0,35.074896,128.834169,8533985,2623414
2026-09-06T11:00:00Z,3.0,37.619335,126.71674800000001,8533987,2623508
2026-09-06T11:00:00Z,3.0,36.883421,127.20737099999998,8533994,2623747
2024-03-08T06:00:00Z,0.486,-25.97884,28.942852,1328993,230803
2026-09-06T10:00:00Z,6.8,43.46611000000001,-88.621109,2298,1285
2026-09-06T10:00:00Z,0.0,36.6324,-120.3822,24437,8416
2026-09-06T11:00:00Z,13.0,34.974543611,128.32436980500003,8534007,2623314
2026-09-06T11:00:00Z,17.0,35.183108,128.560665,8534008,2622895
2026-09-06T11:00:00Z,4.0,36.3682,127.31849999999999,8534014,2623756
2026-09-05T22:00:00Z,5.31083,50.97746200017343,11.326070000099067,11911,4741
2026-09-06T11:00:00Z,4.0,36.353251,126.589768,8534028,2622816
2026-09-06T11:00:00Z,3.0,36.592906,127.292253,8534031,2623751
2026-09-06T11:00:00Z,0.0,37.32953800000001,127.242271,8534046,2623257
2026-09-06T11:00:00Z,5.0,37.526339,126.896256,8534048,2622727
2026-09-06T11:00:00Z,3.0,37.277800000000006,127.0306,8534050,2622612
2026-09-06T11:00:00Z,4.0,37.382084,126.65466300000001,8534052,2622703
2026-09-06T11:00:00Z,5.0,37.657822,127.300702,8534075,2623573
2026-09-06T11:00:00Z,4.0,37.08156400000001,127.060117,8534078,2623037
2026-09-06T11:00:00Z,19.0,33.460229,126.91007,8534079,2623409
2026-09-06T11:00:00Z,12.0,35.94904,126.58341,8534094,2623436
2024-06-13T20:00:00Z,11.6,35.116866,-87.419726,19808,6893
2026-09-06T08:00:00Z,16.0,-37.463035064801,-72.324575155457,454,270
2021-08-09T11:00:00Z,25.0,31.5031,120.242,24546,8455
2026-09-06T11:00:00Z,6.0,36.479917,127.292417,8534126,2623026
2026-09-06T11:00:00Z,8.0,35.6782,127.920092,8534130,2623266
2026-09-06T11:00:00Z,11.0,38.224433,127.95858299999999,8534132,2622589
2026-09-06T11:00:00Z,1.0,36.814170999999995,127.152144,8534135,2622731
2026-09-06T11:00:00Z,9.0,38.247827,127.79066,8534147,2623182
2026-09-06T11:00:00Z,6.0,37.404167,126.72611099999999,8534149,2623590
2026-01-26T20:00:00Z,0.0,35.6787618,-105.939478,15264200,6215289
2026-09-06T11:00:00Z,7.0,35.2834576,127.2896401,8534157,2623329
2026-09-06T11:00:00Z,3.0,37.53403500000001,127.13917200000002,8534162,2622675
2026-09-06T07:00:00Z,3.0,37.972199999999994,-122.51890000000002,3553,2002
2024-04-12T22:00:00Z,23.0,36.10973430000001,126.9915668,8534170,2622941
2025-03-14T21:00:00Z,30.393,25.551222222222002,-103.50252777777999,1284240,10714
2026-09-06T11:00:00Z,11.0,35.0113888889,127.58111111109999,8534176,2623469
2026-09-06T11:00:00Z,11.0,35.923033,128.550652,8534188,2622621
2026-07-29T19:00:00Z,1.0,-35.34331,143.5341,1728679,304222
2026-09-06T11:00:00Z,2.0,38.013429,127.034161,8534192,2623451
2026-09-06T11:00:00Z,20.0,35.227745,128.901042,8534206,2623148
2026-09-06T11:00:00Z,14.0,34.88597099999999,127.50902999999998,8534214,2623520
2024-06-17T21:00:00Z,18.0,36.107179,127.490685,8534223,2623638
2026-09-06T11:00:00Z,9999.0,34.076677,125.09227599999998,8534224,2623385
2026-09-06T11:00:00Z,4.0,37.2837,127.44100000000002,8534225,2622903
2025-07-30T00:00:00Z,7.0,35.157731000000005,129.14379400000004,8534226,2623729
2026-09-06T11:00:00Z,8.0,35.798146,127.095423,8534238,2623156
2026-09-06T11:00:00Z,6.0,36.401526999999994,126.487455,8534242,2623767
2021-08-09T11:00:00Z,34.0,31.371,119.794,32894,10171
2026-09-06T11:00:00Z,0.0,37.792390000000005,126.987168,8534245,2622987
2026-09-06T11:00:00Z,9999.0,35.077711,128.784773,8534250,2623325
2025-03-04T12:00:00Z,77.0,17.896122,102.64,25947,8893
2026-09-06T11:00:00Z,10.0,37.564639,126.975961,8534251,2622837
2018-05-14T19:00:00Z,7.0,38.3108,-122.295,3563,2005
2026-09-06T11:00:00Z,8.0,37.298663,127.628936,8534255,2622660
2024-07-11T16:00:00Z,10.0,36.828034,127.104606,8534262,2623742
2026-09-06T11:00:00Z,6.0,37.36615,127.22856,8534270,2623738
2026-09-06T11:00:00Z,4.0,37.65292399999999,127.11586,8534271,2622827
2026-07-29T06:00:00Z,5.0,35.7268791,128.2823425,8534273,2623467
2026-09-06T10:00:00Z,0.8,52.46304000005105,4.60177600031704,4541,97
2026-09-06T11:00:00Z,8.0,35.87573700000001,128.812259,8534280,2623649
2026-09-06T11:00:00Z,1.0,37.4339,127.12930000000001,8534286,2622724
2024-04-11T16:00:00Z,18.0,35.151625,126.85329199999998,8534288,2622926
2026-09-06T11:00:00Z,6.0,36.98590000000001,126.93139999999998,8534290,2623390
2026-09-06T09:00:00Z,4.1,41.08444000010625,14.344720000250744,24420,8413
2026-09-06T11:00:00Z,25.0,35.1552633,129.0225679,8534300,2622938
2026-09-06T11:00:00Z,17.0,35.825174,128.743217,8534311,2623655
2026-09-06T11:00:00Z,0.0,37.545556,126.675833,8534312,2623802
2026-09-06T11:00:00Z,9.0,37.3715,127.5845,8534316,2622658
2021-08-09T11:00:00Z,22.0,32.77269999999999,116.83050000000001,17421,6277
2026-09-05T09:00:00Z,5.77356,58.96421999989496,5.727859999684153,35251,10612
2026-09-06T11:00:00Z,8.0,36.90523100000001,127.964141,8534333,2623403
2026-09-06T10:00:00Z,4.0,31.8794,-110.9964,2090,1164
2026-09-06T11:00:00Z,2.0,37.906227,126.73108,8534350,2622572
2026-09-06T11:00:00Z,18.0,35.11497,128.48581,8534359,2623599
2022-07-26T01:00:00Z,6.1,44.5884,-123.2673,742,428
2026-09-06T10:00:00Z,4.72,36.182100000013925,-5.411410000236899,1308686,4204
2024-07-11T16:00:00Z,9999.0,37.566459,126.59512199999999,8534377,2622555
2026-09-06T11:00:00Z,14.0,34.757839999999995,126.452808,8534378,2623782
2026-09-06T11:00:00Z,7.0,36.82066,128.61209,8534380,2623174
2026-09-06T11:00:00Z,1.0,37.275324,127.113744,8534387,2623502
2026-09-06T11:00:00Z,1.0,37.012575,126.426621,8534389,2622650
2026-09-06T11:00:00Z,13.0,36.576821,128.472886,8534410,2623677
2026-09-06T11:00:00Z,3.0,37.7481,127.106,8534411,2623134
2026-09-06T11:00:00Z,2.0,38.380754200000005,128.4635415,8534413,2622881
2021-08-09T11:00:00Z,15.0,22.5311,113.0219,32388,10089
2024-07-11T14:00:00Z,14.0,37.384904,126.931247,8534420,2623335
2026-09-06T11:00:00Z,13.0,34.907364,127.665394,8534422,2623255
2026-09-06T11:00:00Z,8.0,34.978355,127.75800400000001,8534426,2623247
2026-09-06T11:00:00Z,3.0,37.503530000000005,126.64794000000002,8534431,2623196
2026-09-06T11:00:00Z,4.0,34.941868,127.757069,8534435,2623354
2026-09-06T11:00:00Z,14.0,35.2258303611,128.50325827000003,8534444,2623709
2026-09-06T11:00:00Z,0.0,37.280224,127.11514,8534445,2623790
2023-12-09T17:03:08Z,0.0,52.368728756,-2.721801437,7515649,1939486
2026-09-06T11:00:00Z,8.0,37.04850720000001,129.065288,8534463,2622866
2026-09-06T11:00:00Z,8.0,36.286987,127.23791900000002,8534466,2623663
2026-09-06T10:00:00Z,0.0,19.060655,-155.579159,2268613,399045
2026-09-06T11:00:00Z,5.0,37.60666700000001,127.02726400000002,8534475,2623190
2026-09-06T11:00:00Z,10.0,35.81672600000001,128.528732,8534478,2622761
2026-09-06T11:00:00Z,6.0,37.36049400000001,128.12555,8534488,2622576
2026-09-06T11:00:00Z,19.0,36.0300245,129.3748446,8534489,2623545
2026-09-06T11:00:00Z,9999.0,37.449722,126.72416699999998,8534492,2623645
2026-09-06T11:00:00Z,1.0,36.37277799999999,127.417222,8534493,2622773
2026-09-06T11:00:00Z,3.0,37.4939,126.7701,8534497,2622714
2026-09-06T11:00:00Z,13.0,33.51733013,126.57045614000002,8534498,2622631
2026-09-06T11:00:00Z,21.0,35.515708,129.38451800000004,8534499,2623794
2026-09-06T11:00:00Z,20.0,35.497129,129.338806,8534502,2623166
2026-09-06T11:00:00Z,23.0,34.71005,128.58745,8534504,2622563
2026-09-06T11:00:00Z,4.0,37.3801,126.80410000000002,8534516,2622996
2026-04-03T20:00:00Z,16.0,36.305084,127.570789,8534529,2623806
2026-09-06T11:00:00Z,5.0,37.1591,127.07709999999999,8534530,2623510
2026-09-06T11:00:00Z,9999.0,37.50560000000001,126.759,8534533,2623172
2026-09-06T11:00:00Z,1.2,46.26927477861689,-73.54385114791316,15264205,6215325
2026-09-06T11:00:00Z,4.0,38.28531900000001,128.390769,8534556,2622574
2026-09-06T11:00:00Z,18.0,35.099849,129.030344,8534557,2623547
2026-09-06T11:00:00Z,2.0,37.0746,127.4244,8534561,2623580
2026-09-06T11:00:00Z,5.0,36.923449,127.75545,8534563,2623399
2026-09-06T11:00:00Z,22.0,35.114404,129.017251,8534564,2622841
2026-09-06T11:00:00Z,9999.0,38.290859000000005,127.179801,8534567,2622784
2024-03-11T12:00:00Z,5.1,57.39361199979441,11.91417999982569,25609,8782
2026-09-06T11:00:00Z,17.0,35.230188,129.120586,8534573,2623065
2026-09-06T11:00:00Z,9.0,34.965927,127.794191,8534581,2622800
2026-09-06T11:00:00Z,11.0,35.5211721,127.7244433,8534586,2623315
2026-09-06T11:00:00Z,1.0,37.6251,126.84230000000001,8534588,2622825
2026-09-06T11:00:00Z,8.0,35.17430000000001,126.9325,8534590,2622806
2026-09-06T11:00:00Z,15.0,36.688131,126.739314,8534594,2623287
2021-08-09T11:00:00Z,37.0,31.4753,120.31420000000001,237811,43423
2024-03-12T10:00:00Z,5.946,-25.835814,25.614534,1307031,226310
2026-09-06T11:00:00Z,9.0,34.6446579,126.7711918,8534608,2623671
2017-11-18T03:00:00Z,11.0,37.956916,-119.120979,5511,2635
2025-04-01T08:00:00Z,9999.0,37.48824200000001,126.92708900000001,8534617,2622798
2026-04-03T20:00:00Z,11.0,34.950357,127.48718899999999,8534627,2623235
2026-09-06T11:00:00Z,7.0,36.323889,127.418333,8534631,2623565
2026-09-06T11:00:00Z,9.0,36.3364108,127.3349525,8534650,2623381
2026-09-06T10:00:00Z,10.7,50.3642500001959,3.52272999998034,8044,3639
2026-09-06T11:00:00Z,7.0,34.766301,127.657507,8534652,2622970
2026-09-06T11:00:00Z,20.0,36.018833,129.365867,8534658,2622652
2026-09-06T11:00:00Z,4.0,37.676245,127.494701,8534660,2623704
2026-09-06T11:00:00Z,17.0,34.863611,128.690278,8534665,2622905
2026-09-06T11:00:00Z,19.0,35.544442,129.331878,8534674,2622764
2026-09-06T11:00:00Z,4.0,37.545089,127.13680599999999,8534675,2623424
2026-09-06T11:00:00Z,2.0,37.44116400000001,126.706817,8534676,2623623
2026-09-06T11:00:00Z,19.0,36.42928899999999,129.05617800000002,8534684,2623095
2024-04-23T15:00:00Z,44.0,-36.461054075054,-71.971435546875,1562232,270778
2026-09-06T11:00:00Z,0.0,37.7151,126.5526,8534685,2623176
2026-09-06T11:00:00Z,5.0,36.354444,127.383056,8534688,2623728
2026-09-06T11:00:00Z,1.0,37.1633559,127.3747489,8534693,2622960
2026-09-06T11:00:00Z,12.0,35.066944,127.751389,8534699,2623090
2026-09-06T11:00:00Z,16.0,35.180609,128.12178100000003,8534700,2623206
2026-09-06T11:00:00Z,21.0,37.48820899999999,130.9040474,8534708,2623178
2024-01-15T12:00:00Z,27.0,43.0483333294643,-2.19111111,23704,2732
2026-09-06T11:00:00Z,7.0,37.246927,127.056315,8534711,2623067
2026-09-06T11:00:00Z,8.0,34.82476400000001,127.73161500000002,8534717,2623584
2026-09-06T11:00:00Z,11.0,24.432132999999997,118.312256,8745,3864
2026-09-06T10:00:00Z,12.5,40.7955,-111.93089999999998,25595,8777
2026-09-06T11:00:00Z,11.0,35.832255,128.583743,8534742,2623542
2026-09-06T11:00:00Z,3.0,37.532057,127.002371,8534744,2623080
2026-09-06T11:00:00Z,28.0,36.824238,126.25722,8534747,2622936
2026-01-02T05:00:00Z,18.0,33.246244,126.56506,8534757,2623461
2020-06-10T21:00:00Z,24.0,34.2775,-118.6847,3364,1902
2026-09-06T11:00:00Z,12.0,35.245937,128.75029500000002,8534771,2623129
2024-01-29T17:00:00Z,11.6,40.85278,14.25139,24511,8444
2026-09-06T11:00:00Z,7.0,37.452386,126.90833299999998,8534777,2623048
2026-09-06T11:00:00Z,5.0,37.37382300000001,126.73289,8534790,2623407
2026-09-06T11:00:00Z,21.0,34.91826562,128.08430936,8534800,2622748
2026-09-06T11:00:00Z,7.0,36.730926000000004,127.804682,8534805,2622571
2026-09-06T11:00:00Z,7.0,35.14583,126.92333,8534808,2622578
2024-04-12T22:00:00Z,21.0,37.409493,126.678309,8534810,2622673
2026-09-06T11:00:00Z,3.0,37.332,126.86109999999998,8534811,2623270
2026-09-06T11:00:00Z,14.0,35.5452909,128.4883674,8534812,2623046
2026-09-06T11:00:00Z,8.0,37.3536806,126.9449892,8534820,2622985
2024-07-11T16:00:00Z,30.0,37.3468,126.7401,8534825,2623108
2026-09-06T11:00:00Z,1.2,34.1553475,-118.1031319,12247608,3420999
2026-09-06T11:00:00Z,5.0,37.455474,126.692888,8534828,2623186
2024-04-12T22:00:00Z,24.0,36.759735,126.732312,8534833,2623412
2026-09-06T11:00:00Z,15.0,35.063038,129.080909,8534834,2623126
2026-09-06T11:00:00Z,15.0,36.114033,128.335603,8534835,2622812
2026-09-06T11:00:00Z,9999.0,37.23304100000001,126.149272,8534838,2622561
2026-09-06T10:00:00Z,3.8,41.266192,-77.230933,29135,9520
2026-09-06T11:00:00Z,11.0,37.609158,127.163109,8534839,2623442
2026-09-06T11:00:00Z,5.0,36.125022,127.096762,8534841,2623492
2026-09-06T11:00:00Z,5.0,38.1466058,127.3124628,8534842,2623512
2024-01-12T10:00:00Z,17.1,50.6408018273658,3.07477152078998,9245,3937
2026-09-06T11:00:00Z,7.0,34.80593,126.391767,8534849,2623251
2026-09-06T11:00:00Z,3.0,35.30324100000001,126.785419,8534851,2623028
2026-09-06T11:00:00Z,17.0,35.202363999999996,128.807221,8534865,2622831
2026-09-06T11:00:00Z,2.0,37.448806,127.00232900000002,8534874,2622918
2026-09-06T11:00:00Z,15.0,33.539831,126.64412,8534881,2622944
2025-12-09T23:00:00Z,14.1,47.22249999996339,-1.537500000047987,8140,3670
2026-09-06T11:00:00Z,6.0,37.6104714,126.9335038,8534887,2623052
2026-09-06T11:00:00Z,10.0,36.66707,129.11228000000003,8534899,2623348
2026-09-06T11:00:00Z,17.0,35.0866322,128.86390000000003,8534914,2623363
2026-09-06T11:00:00Z,8.0,35.83433,128.541083,8534921,2623180
2026-09-06T11:00:00Z,4.0,37.539109,127.214608,8534922,2622594
2026-09-06T11:00:00Z,20.0,33.292471,126.162165,8534923,2622565
2026-09-06T11:00:00Z,9.0,37.1146,127.6297,8534929,2623184
2026-09-06T11:00:00Z,1.0,37.350901,127.35236299999998,8534930,2623571
2026-09-06T11:00:00Z,11.0,34.980817,127.583116,8534936,2622644
2026-09-06T11:00:00Z,13.0,36.58667,128.18591,8534939,2623138
2026-09-06T11:00:00Z,4.0,37.284067,126.97989200000002,8534946,2623696
2026-09-06T11:00:00Z,8.0,37.735582,127.040421,8534952,2622791
2020-09-14T01:00:00Z,7.35,51.511403,-0.089336,1296028,223724
2026-09-06T11:00:00Z,3.0,37.549389,126.97151899999999,8534961,2623393
2026-09-06T11:00:00Z,10.0,35.911047,128.59975899999998,8534966,2622733
2026-09-05T22:00:00Z,2.938,50.653233999948775,6.2810079997441814,23618,3047
2016-09-12T20:00:00Z,6.3,45.339,-118.095206,2273,1267
2026-09-06T11:00:00Z,1.0,37.476221,126.86981000000002,8534982,2622995
2025-07-30T00:00:00Z,16.0,35.325306000000005,129.178434,8534986,2623383
2020-09-10T09:00:00Z,4.72,51.52188,-0.120434,1296335,223810
2026-09-06T11:00:00Z,9999.0,35.846501999999994,127.062725,8534988,2622845
2026-09-06T11:00:00Z,12.0,34.9903577,126.4762299,8534991,2622704
2026-04-03T20:00:00Z,14.0,36.767778,127.605,8534993,2622877
2026-09-06T11:00:00Z,13.0,36.782917,127.0145,8534994,2623559
2026-09-06T11:00:00Z,1.0,37.390588,127.077838,8534995,2622793
2026-09-06T11:00:00Z,15.0,35.869596,127.074632,8535009,2623218
2026-09-06T11:00:00Z,6.0,37.3125964,127.81716860000002,8535015,2622642
2026-09-06T11:00:00Z,5.0,37.572025,127.005028,8535022,2623321
2026-09-06T11:00:00Z,7.0,35.438094,126.71279,8535024,2622788
2026-09-06T11:00:00Z,10.0,35.860351,127.65442899999998,8535029,2623140
2026-09-06T11:00:00Z,12.0,35.990702,128.418493,8535065,2622756
2024-04-13T21:00:00Z,9999.0,34.698747,125.192314,8535069,2622853
2018-02-22T03:00:00Z,288.0,25.35055556,82.97833333,5362,2591
2026-09-06T11:00:00Z,12.0,35.1000281,126.8965634,8535074,2623651
2023-07-27T14:00:00Z,11.7,41.087862,-81.541532,6236632,1066107
2026-09-06T11:00:00Z,11.0,35.865276,128.640031,8535086,2623225
2026-09-06T11:00:00Z,11.0,33.48863,126.50005499999999,8535088,2623264
2026-09-06T11:00:00Z,15.0,36.736315999999995,126.132168,8535098,2622567
2026-09-06T11:00:00Z,8.0,36.172773,127.77783899999999,8535102,2623084
2026-09-06T11:00:00Z,3.0,36.993587999999995,126.358971,8535105,2622583
2026-09-06T11:00:00Z,6.0,37.649034,126.675064,8535108,2623082
2026-09-06T11:00:00Z,0.0,37.698671999999995,127.204729,8535113,2623711
2026-09-06T11:00:00Z,11.0,35.959167,126.596692,8535125,2623162
2025-07-30T00:00:00Z,16.0,35.233361,129.007694,8535133,2622897
2026-09-06T11:00:00Z,9999.0,35.985621,127.047468,8535139,2622946
2020-08-29T20:00:00Z,0.0,47.197684,-120.958228,22659,7804
2026-09-06T11:00:00Z,7.0,37.219282,126.94906200000001,8535151,2622951
2026-09-06T11:00:00Z,6.0,37.65741500000001,127.067876,8535152,2622689
2026-09-05T22:00:00Z,5.201,52.02315500013644,8.548362000390142,2010538,3156
2026-09-06T11:00:00Z,8.0,35.724299,126.734415,8535163,2622879
2026-09-06T11:00:00Z,15.0,36.006021,129.41491,8535174,2623813
2026-09-06T11:00:00Z,4.0,36.98556,126.746821,8535196,2623208
2026-09-06T11:00:00Z,7.0,36.928577,127.6886158,8535204,2623482
2026-09-06T11:00:00Z,6.0,37.668299999999995,126.7564,8535210,2622609
2026-09-06T11:00:00Z,0.0,37.496975,127.48665900000002,8535213,2622922
2026-09-06T11:00:00Z,17.0,35.9668107,129.40868049999997,8535215,2623261
2026-04-03T20:00:00Z,9.0,35.90103,127.005272,8535218,2623032
2026-09-06T11:00:00Z,9999.0,36.62614,125.5579,8535220,2623448
2026-09-06T11:00:00Z,22.0,35.1708927,129.17416589999996,8535223,2623777
2026-09-06T11:00:00Z,4.0,37.580842,127.226766,8535228,2623647
2021-04-20T21:00:00Z,-999.0,50.8459,5.71475,4442,2388
2024-04-15T14:00:00Z,9999.0,35.610533,127.18621699999998,8535230,2622575
2026-09-06T10:00:00Z,6.3,40.786803,-81.394153,6236635,1066106
2021-08-09T11:00:00Z,10.0,28.1322,113.01779999999998,30227,9718
2026-09-06T11:00:00Z,16.0,34.947102,127.51857500000001,8535238,2623540
2026-09-06T11:00:00Z,5.0,37.60204099999999,126.661444,8535242,2623496
2026-09-06T11:00:00Z,7.0,37.496332,126.643072,8535243,2623405
2026-09-06T11:00:00Z,13.0,35.107926,129.08237600000004,8535256,2622614
2026-09-06T11:00:00Z,3.0,37.65450859999999,126.7755571,8535259,2623214
2026-09-06T11:00:00Z,1.0,36.784325,127.099992,8535260,2623042
2026-09-06T11:00:00Z,8.0,36.839225,127.137578,8535262,2622566
2026-09-06T11:00:00Z,12.0,35.912903,128.813758,8535265,2622701
2026-09-06T11:00:00Z,2.0,37.033578,125.996225,8535268,2623736
2026-09-06T11:00:00Z,18.0,35.20958000000001,128.97136709999998,8535269,2623434
2026-09-06T11:00:00Z,7.0,34.881925,127.578783,8535276,2622991
2023-07-12T20:00:00Z,16.0,39.77919,-121.59135,25468,8729
2026-09-06T10:00:00Z,6.0,34.25239,-119.14317999999999,24952,8590
2026-09-06T11:00:00Z,2.0,36.275495,126.911297,8535292,2623327
2021-12-09T00:00:00Z,5.3,-27.4848,153.032,18157,6462
2026-09-06T11:00:00Z,14.0,35.869104,128.711016,8535305,2623146
2026-09-06T11:00:00Z,10.0,35.728611,127.13611100000001,8535315,2623104
2026-09-06T11:00:00Z,0.2,49.0100959,8.4214333,15264721,6215396
2020-11-30T17:00:00Z,16.24,51.523099,-0.012704,1295961,223704
2026-09-06T11:00:00Z,16.2,35.89236889852895,-78.69436627096576,15268722,6215923
2026-07-04T16:06:55Z,886.67,8.47166,-13.23886,16305594,6355173
2026-02-06T06:00:00Z,29.58749993642171,-1.3249,36.8876,15269708,6216058
2026-06-12T10:00:00Z,0.6,6.309,-10.804,15269713,6216059
2018-06-25T10:00:00Z,-995.0,52.23510000000001,5.18155,118,79
2020-12-01T00:00:00Z,2.04,51.487354,-0.221561,1295942,223698
2024-10-09T22:00:00Z,11.5,39.09838,-123.18795,10031777,2970371
2024-12-10T07:00:00Z,0.030666666105389595,39.779969,-105.047902,10077622,2983073
2025-03-30T02:00:00Z,0.0,35.127,-84.901,10064101,2979269
2025-01-08T17:15:00Z,27.01,32.055799,34.781002,10058740,2977814
2021-08-09T11:00:00Z,44.0,30.6617,117.4918,20348,7018
2026-07-06T09:00:00Z,20.1,6.309,-10.6779,15269718,6216060
2026-09-06T10:00:00Z,4.0,35.529722,139.7025,10061111,2978379
2026-09-06T11:00:00Z,10.1,25.092213,55.168125,10071461,2981155
2025-07-08T02:00:00Z,0.6225000023841858,43.00915,-79.26385,10020792,2967069
2026-07-09T10:00:00Z,42.1,51.46286310243497,-2.476739211355793,10060780,2978336
2026-09-06T11:00:00Z,0.1,50.909637,-114.102864,10054095,2976549
2026-04-29T15:00:00Z,1.3,52.4796999,13.4404605,10058990,2977853
2022-10-31T02:00:00Z,107.6,25.494,81.863,1311819,227387
2017-07-06T16:00:00Z,9.2,41.231167,-80.801914,1052,598
2026-09-06T11:00:00Z,3.0,47.47639017152665,8.055727780563062,10037890,2972050
2026-09-06T09:50:15Z,31.12,8.48864,-13.2107,16305591,6355176
2026-09-06T09:59:23Z,8.69,8.48977,-13.2189,16305592,6355174
2026-09-06T09:57:58Z,4.29,8.48784,-13.23887,16305593,6355175
2026-04-04T18:00:00Z,0.0,39.664951,-104.8917366,10065464,2979626
2026-09-06T05:00:00Z,1.7,39.6648817,-104.8916489,10070527,2980982
2026-09-06T11:00:00Z,9.6,33.9934,35.6362,16307960,6355495
2026-09-06T09:54:33Z,5.19,8.46433,-13.26076,16309655,6355723
2026-09-06T10:02:43Z,3.42,8.45492,-13.27221,16309656,6355722
2026-09-06T07:00:00Z,6.1975,-25.594002457308918,32.24642806458037,16368159,6369225
2026-09-06T11:00:00Z,0.0,45.511064176887274,-122.79424144689852,17145999,6475071
2024-07-23T19:00:00Z,0.02500000037252903,52.65039091277819,-2.480509611168481,10050517,2975591
2025-10-02T11:00:00Z,8.28,58.97264900019011,5.726498000101514,1314663,228023
2024-10-30T01:00:00Z,2.1,44.021896,-121.260166,10070849,2822929
2026-08-22T20:00:00Z,0.0,43.242313168393586,-79.87406169737811,10106966,2990989
2025-11-19T09:00:00Z,12.0,34.0423,-118.5542,12249631,3423890
2024-08-23T06:00:00Z,5.92083340883255,-45.887394879375385,170.46808104747197,10055154,2976721
2024-07-29T03:00:00Z,1.0,40.80087,-124.15864,10097888,2988210
2026-09-06T11:00:00Z,4.2,51.5423,-0.1285,10081803,2984093
2026-09-06T11:00:00Z,1.8,50.77144531034431,7.729257345199586,10102151,2989482
2026-09-06T11:00:00Z,4.7,52.6804878,-0.1680119,10090974,2986645
2026-09-06T11:00:00Z,1.8,52.5836998,5.9314601,10084084,2984748
2026-09-06T11:00:00Z,17.4,35.77516,-78.86444,10098241,2988253
2021-08-09T11:00:00Z,7.0,37.9956,106.18560000000001,34651,10463
2025-11-25T20:00:00Z,7.030833339691163,38.8249021,-90.6996894,10098218,2988255
2024-11-21T12:50:00Z,13.75,32.49551,34.58408,10113804,2992887
2026-09-06T11:00:00Z,12.7,48.4287805,-123.3098726,10117057,2993753
2026-09-06T11:00:00Z,9.3,29.8020705,-95.3868235,10107877,2991212
2026-04-21T11:00:00Z,692.5,10.423417,78.784889,12250397,3409516
2026-09-03T18:15:00Z,33.33,19.854616,75.905894,12250392,3409463
2026-05-19T17:00:00Z,0.0,27.20289,80.39693,16311975,6356035
2026-09-06T11:00:00Z,0.0,48.2736179328329,-114.27466213703157,10120322,2994635
2026-05-27T19:58:53Z,6.96,37.61643,-122.41842,16312297,6356080
2026-03-13T22:00:00Z,3.2,42.78479,-71.10702,10115373,2993355
2026-09-05T22:00:00Z,3.55135,51.75815999983918,10.61248000041502,10117359,4358
2026-08-10T10:00:00Z,52.4,6.309,-10.804,15269992,6216099
2026-09-06T11:00:00Z,3.1,6.27017,-10.6779,15269997,6216100
2026-09-06T10:00:00Z,4.6,-23.8626,151.2705,14575,5531
2020-06-04T06:00:00Z,5.05,51.536271,-0.143525,1296024,223723
2026-09-06T11:00:00Z,38.1,-26.1171513,27.9953635,17146336,6475117
2026-06-04T16:00:46Z,2.96,49.19132,-2.1091,15270505,6216170
2026-09-05T00:00:00Z,2.02,47.91286600022655,7.903977000163978,10124836,2995862
2026-05-15T06:00:00Z,0.1,13.762562,100.559812,15270507,6216172
2026-04-28T04:00:00Z,6.1,48.88538539460946,2.3210560856175313,15270995,6216239
2026-09-03T18:00:00Z,19.0,34.06621,74.81982,12251174,220265
2026-09-06T11:00:00Z,0.0,42.2226,-71.5422,16368838,6369316
2026-09-06T11:00:00Z,0.0,42.2225,-71.542,16368843,6369317
2026-09-06T10:00:00Z,4.4,28.4463,-81.41743,10115718,2993408
2026-09-06T10:00:00Z,3.4,28.534646,-81.384411,10115719,2993057
2020-04-28T09:45:00Z,17.0,17.305178,78.162863,22017,7583
2026-09-06T10:00:00Z,4.4,48.17265299994825,6.452816500337463,10125183,2995911
2024-08-01T15:00:00Z,1.8958333432674408,29.39,-98.44,10125169,2995907
2025-12-15T17:00:00Z,-3.0,45.44029,-105.37028,805,465
2026-09-06T11:00:00Z,1.9,29.0560062,-80.907522,12253616,3429415
2026-08-21T15:00:00Z,46.78,-11.981636,-76.999247,23128,7464
2026-09-06T11:00:00Z,1.1,4.799523611062342,7.005205359909503,17149538,6475551
2026-09-06T11:00:00Z,2.9,47.331725,-122.236482,17150191,6475643
2026-09-06T11:00:00Z,5.9,47.6372512,-122.3237806,17150196,6475644
2026-09-06T11:00:00Z,0.1,-20.169770523699114,57.47782991206564,17150201,6475645
2026-08-06T16:59:36Z,11.0,10.8437064,106.7952085,17150189,6475641
2026-09-06T11:00:00Z,13.1,13.783554,100.5344645,1304399,225684
2021-08-09T11:00:00Z,12.0,29.7166,106.62050000000002,28120,9275
2026-03-25T09:00:00Z,0.0,55.597376,-4.642172,15271997,6216376
2026-09-06T11:00:00Z,0.0,48.865902416557645,10.10128331759153,15272002,6216377
2024-09-27T15:00:00Z,23.53958336512248,4.6906,-74.0825,10116378,2993582
2026-09-06T11:00:00Z,15.0778055555555,20.085277777778,-98.774166666667,15275449,6216831
2026-03-29T00:00:00Z,5.0,55.002817999485124,-7.331179000050841,5106,2545
2026-09-06T11:00:00Z,0.0,43.9046365,-72.6246165,10116371,2993453
2025-01-02T14:00:00Z,9.585958321889242,4.6906,-74.0824,10116387,2993585
2026-02-02T09:00:00Z,41.32325019836426,18.7948519,98.9563673,15277170,6217058
2026-09-06T11:00:00Z,0.0,50.86500921696586,-113.96768917036576,15277430,6217093
2026-09-06T11:00:00Z,16.0,35.08906100000001,129.000406,15277945,6217161
2026-09-01T21:00:00Z,0.2,39.914512,-104.925179,16370861,6369584
2026-08-21T07:00:00Z,0.0,14.661614,-16.23111,12255206,3430567
2023-04-05T20:00:00Z,26.0,-22.45995527,-47.53629834,391211,5222
2022-10-31T02:00:00Z,57.0,19.227474,72.864394,20087,6965
2026-08-31T15:00:00Z,0.0,14.653855,-16.2306,12255211,3430568
2026-09-06T11:00:00Z,0.2,52.271181,0.201546,15275214,6216797
2026-09-06T11:00:00Z,7.4,42.2670175,-87.9911425,17150870,6475737
2026-09-06T11:00:00Z,0.0,41.70472870503976,-112.177920308538,17153857,6476144
2026-09-06T11:00:00Z,13.3,44.08984,-84.701496,17154540,6476236
2026-09-06T11:00:00Z,7.1,47.741653,-122.1859,17154878,6476283
2026-09-06T04:00:00Z,0.6,-36.90704,174.6332374,17155222,6476330
2026-09-06T11:00:00Z,0.0,42.4659,-71.1347,17156244,6476467
2026-09-06T00:00:00Z,16.44984,44.46038820028955,25.98737529955358,10124813,2995838
2026-09-03T10:00:00Z,6.94,53.14234300010592,13.032284000419276,10124823,2995861
2026-09-06T10:00:00Z,5.5,48.930319999881185,2.294349999986101,10124825,2995860
2026-09-03T10:00:00Z,6.17,54.92312499985301,8.308019999997011,10124826,2995865
2026-09-04T00:00:00Z,2.68,52.80087799992979,10.756128000294,10124827,2995864
2025-10-10T07:00:00Z,-6.582593,60.79645900007639,11.096757000029697,7650751,2059656
2026-09-03T10:00:00Z,10.4,48.86877000026755,2.3112309997697755,10124844,2995837
2026-09-06T00:00:00Z,19.44517,44.4918098000829,26.03092579969918,10124852,2995858
2026-09-03T10:00:00Z,3.93,50.654552000043466,10.769390000411676,10124853,2995863
2026-09-06T10:00:00Z,5.0,47.22634,-122.46256,3021,1706
2026-09-06T00:00:00Z,19.83678,44.36974330023394,25.97479820016135,10124858,2995839
2026-09-03T10:00:00Z,5.92,54.43683599982397,12.724963999616081,10124863,2995866
2026-08-06T08:00:00Z,33.4,-28.829229,31.893536,17156582,6476514
2024-06-20T13:00:00Z,10.0,51.38928690450499,-0.141661524779893,1304886,225832
2025-06-21T01:00:00Z,18.355090748180043,51.45567209377554,-0.9862261406158451,12255842,3431596
2026-09-06T11:00:00Z,17.6,16.019319341426606,-16.490593389948394,12255847,3431593
2026-09-06T11:00:00Z,18.6,16.457985152738317,-15.705461444809703,12255852,3431594
2026-05-18T19:00:00Z,1827.7,38.468395,-90.389928,15281435,6217624
2026-09-06T11:00:00Z,2.4,39.0558649,-77.2032207,16372214,6369762
2026-09-06T11:00:00Z,1.7,-29.7565448,31.0567579,10138383,2999471
2026-09-06T10:00:00Z,4.0,35.643,-117.71388,10135880,2998815
2026-09-06T11:00:00Z,8.6,41.43194877141375,2.18073885709509,10127402,2996392
2026-09-06T11:00:00Z,2.2,51.636585254124185,4.93173168949492,10126445,2996254
2026-09-06T00:00:00Z,-1.0,48.306119000286174,14.297503000221873,30237,2839
2026-09-04T02:00:00Z,9.0,41.547200000329056,2.4433000004023975,12260256,3332
2026-09-03T07:00:00Z,7.0,42.36290000014351,1.7797000003163062,12260257,3166424
2023-10-11T10:00:00Z,22.168,37.16903524242987,37.54248160868882,2078348,368851
2026-09-04T02:00:00Z,10.0,41.958700000226855,3.212900000272112,12260258,3351
2026-09-04T02:00:00Z,16.0,41.6891,2.495701,12260259,3235
2026-09-04T02:00:00Z,11.0,41.59870000017364,2.287100000060223,12260260,3336
2026-09-04T02:00:00Z,11.0,41.5266999997818,2.183800000050747,12260261,3226
2026-09-03T23:00:00Z,7.0,42.05130000003988,0.7296000001547582,12260262,3346
2026-09-06T11:00:00Z,12.3,48.4287805,-123.3098726,10139023,2999792
2026-01-27T18:00:00Z,23.700000762939453,42.3883694,-82.9353079,15282158,6217721
2026-09-06T08:00:00Z,19.545499999999983,3.8716153147024186,11.495906277022467,17157889,6476694
2026-04-30T18:00:00Z,45.4,-29.763495128515,31.02616268366882,10127768,2996395
2026-09-06T10:00:00Z,4.0,46.408501,-116.991402,2569,1446
2026-09-06T10:03:42Z,5.47,29.77632,-95.30765,12256170,3431642
2026-09-06T10:00:00Z,2.9,42.887501,-73.249702,2672,1514
2026-09-06T11:00:00Z,9.7,25.069429240278108,121.58968860337532,12262457,3439880
2025-07-11T16:00:00Z,5.738666693369548,14.7444588,-17.4017114,12262462,3439881
2020-02-17T01:00:00Z,6.1,-37.7078476,148.457,21648,7449
2026-07-02T05:15:00Z,18.3,11.0328,77.0349,12262466,358457
2021-08-09T11:00:00Z,1.0,31.2132,107.4988,31545,9950
2026-03-23T11:00:00Z,2.6,45.47923383,17.04075745,10140002,2907566
2026-09-06T08:00:00Z,1.8,45.25928443,18.25472887,10140003,2907568
2026-09-06T11:00:00Z,38.1,26.1507627,50.5102152,12262452,3408765
2026-09-06T11:00:00Z,0.3,45.448481,-73.482402,15282639,6217785
2026-09-06T11:00:00Z,0.2,-28.769694,32.034282,17157891,6476696
2026-09-02T18:00:00Z,2.9,13.2870506,-87.3141073,15283588,6217881
2026-09-06T11:00:00Z,15.3,17.575023,100.124236,15286453,6218293
2026-01-28T07:00:00Z,132.16618180708448,27.620041043666568,85.53943575377038,15286458,6218294
2026-01-28T07:00:00Z,85.46666666666665,27.619955487891527,85.53940356726346,15286975,6218364
2026-01-28T07:00:00Z,80.01400146484374,27.619955487891527,85.53940356726346,15286980,6218365
2026-09-06T11:00:00Z,0.1,52.858116,6.311793,16372885,6369763
2026-09-06T11:00:00Z,0.0,45.6535,4.986337,16380684,6370904
2026-09-06T11:00:00Z,0.0,46.04234354121638,14.483780454007311,16380689,6370905
2026-09-05T13:00:00Z,40.6,33.0800963,74.8398673,17158857,6476827
2026-09-06T10:00:00Z,2.5,40.770908,-74.036218,2165515,387315
2026-09-06T10:06:17Z,4.1,37.05037,-122.02219,10141083,2982401
2026-09-06T09:29:26Z,4.74,28.06786,-82.4236,10141084,2913592
2026-08-27T09:03:49Z,15.37,40.15758,44.45989,10141085,2960660
2026-09-06T10:06:42Z,4.0,45.52871,-122.97243,10141086,2979494
2026-08-14T15:03:40Z,4.57,39.3638,-121.24625,10141087,2942068
2025-07-21T01:03:32Z,2706.28,40.21142,44.51274,10141088,2960661
2026-08-06T19:28:13Z,6.92,41.46472,-81.53595,10141089,2996566
2026-09-06T09:51:27Z,4.16,38.8044,-123.01825,10141090,2917798
2026-09-06T10:05:44Z,4.44,40.59293,-105.1414,10141091,2980722
2026-09-06T10:03:52Z,3.67,42.33237,-122.88905,10141092,2999793
2025-05-13T11:03:08Z,12.44,40.20251,44.53304,10141093,2960623
2026-09-06T09:57:52Z,8.42,34.06639,-118.22667,10141094,2945078
2026-09-06T11:00:00Z,7.6,47.61284318219972,-122.04954603029361,17161365,6477166
2019-04-14T23:00:00Z,9.662436,37.924805,-122.3811,391139,61755
2025-11-02T20:51:47Z,34.74,40.21882,44.57652,10141004,2960663
2026-09-06T09:56:18Z,14.09,40.20369,44.54071,10141005,2960628
2026-09-06T10:04:51Z,3.99,40.59287,-105.14134,10141006,2976598
2026-09-06T09:56:12Z,3.84,36.97669,-121.86242,10141007,2905539
2026-09-06T10:06:10Z,2.68,43.74442,-122.48024,10141008,2979493
2026-03-16T02:50:23Z,3798.9,40.18233,44.48088,10141009,2960668
2026-09-06T10:07:07Z,4.76,39.52197,-119.79552,10141010,2945076
2026-09-06T10:04:00Z,13.46,40.17785,44.54284,10141011,2960624
2026-01-12T13:06:20Z,20.74,40.19762,44.55647,10141012,2960672
2026-07-29T20:43:16Z,549.2,40.18906,44.472,10141013,2960643
2026-09-06T10:05:17Z,4.14,42.33237,-122.88905,10141014,2999794
2026-09-06T09:54:25Z,12.34,40.21069,44.514,10141015,2960641
2025-06-19T00:01:39Z,8.83,40.14499,44.49662,10141016,2960627
2026-01-23T02:06:16Z,105.54,40.19611,44.50853,10141017,2960630
2025-06-24T11:51:01Z,9.26,40.19366,44.447,10141018,2960655
2026-01-12T12:53:13Z,27.98,40.19745,44.55741,10141019,2960649
2026-03-17T10:46:45Z,25.68,40.2,44.53648,10141020,2960651
2026-07-24T01:57:01Z,12.5,40.19758,44.51112,10141021,2960632
2026-09-06T10:00:07Z,5.0,42.40798,-85.37172,10141022,2996788
2025-12-21T20:44:38Z,70.91,40.18257,44.48123,10141023,2960667
2024-11-10T07:52:24Z,0.0,40.19203,44.54306,10141024,2960633
2026-04-23T09:55:32Z,19.24,44.08976,-70.21443,10141025,2906641
2025-05-12T05:02:20Z,3173.05,40.19635,44.50789,10141026,2960666
2026-09-06T09:51:27Z,7.56,37.87895,-122.24729,10141027,2904084
2026-09-06T10:02:35Z,25.05,36.7753,-121.66755,10141028,2905540
2026-08-09T22:01:06Z,611.84,40.21921,44.48644,10141029,2960621
2025-06-04T03:51:09Z,9.51,40.22014,44.48396,10141030,2960671
2026-09-06T10:06:31Z,4.72,39.52196,-119.79552,10141031,2945079
2026-09-06T09:54:25Z,14.6,40.20529,44.54433,10141032,2960652
2025-10-31T02:58:09Z,4168.75,40.21913,44.48568,10141033,2960659
2026-09-06T09:55:30Z,4.24,38.50113,-122.99817,10141034,2917797
2026-09-06T09:50:47Z,15.57,40.20317,44.5415,10141035,2960648
2026-09-06T09:53:04Z,5.48,27.98657,-82.38279,10141036,2999659
2026-09-06T10:06:04Z,12.36,40.20127,44.51569,10141037,2960650
2025-06-24T11:52:23Z,7.89,40.19401,44.44671,10141038,2960654
2026-09-06T09:54:01Z,11.88,40.20107,44.51587,10141039,2960658
2026-09-06T10:00:17Z,3.64,40.17452,44.53518,10141040,2960662
2026-02-03T16:46:31Z,0.81,38.53354,-121.45368,10141041,2950666
2025-09-02T13:58:22Z,5.11,42.28397,-83.74651,10141042,2913749
2026-09-06T10:04:04Z,4.42,39.76168,-121.84047,10141043,2997444
2026-05-18T17:53:45Z,2707.67,41.4646,-81.56479,10141044,2996565
2026-04-09T15:04:58Z,5.45,39.45309,-121.04821,10141045,2942067
2017-11-28T23:00:00Z,8.6,45.782181,-108.511528,899,520
2026-09-06T09:53:20Z,10.83,40.20648,44.55281,10141046,2960665
2025-06-25T09:39:57Z,12.34,40.19469,44.50967,10141047,2960631
2025-06-25T15:50:55Z,35.9,40.19441,44.5096,10141048,2960657
2025-05-12T05:06:03Z,3041.25,40.22111,44.48439,10141049,2960644
2026-09-06T10:06:11Z,4.92,45.52025,14.34945,10141050,2955100
2026-09-06T09:50:35Z,14.53,40.18095,44.51361,10141051,2960639
2026-09-06T10:02:09Z,5.08,38.9925,-76.83983,10141052,2978434
